/*
SQLyog Enterprise - MySQL GUI v8.1 
MySQL - 8.0.35 : Database - jotbd1000
*********************************************************************
*/

/*!40101 SET NAMES utf8 */;

/*!40101 SET SQL_MODE=''*/;

/*!40014 SET @OLD_FOREIGN_KEY_CHECKS=@@FOREIGN_KEY_CHECKS, FOREIGN_KEY_CHECKS=0 */;
/*!40101 SET @OLD_SQL_MODE=@@SQL_MODE, SQL_MODE='NO_AUTO_VALUE_ON_ZERO' */;

CREATE DATABASE /*!32312 IF NOT EXISTS*/`jotbd1000` /*!40100 DEFAULT CHARACTER SET utf8mb4 COLLATE utf8mb4_0900_ai_ci */ /*!80016 DEFAULT ENCRYPTION='N' */;

USE `jotbd1000`;

/*Table structure for table `businessentry` */

DROP TABLE IF EXISTS `businessentry`;

CREATE TABLE `businessentry` (
  `id` int NOT NULL AUTO_INCREMENT,
  `ownername` varchar(40) DEFAULT NULL,
  `businessname` varchar(40) DEFAULT NULL,
  `businesstype` varchar(40) DEFAULT NULL,
  `email` varchar(40) DEFAULT NULL,
  `phonenumber` varchar(40) DEFAULT NULL,
  `password` varchar(40) DEFAULT NULL,
  PRIMARY KEY (`id`)
) ENGINE=InnoDB AUTO_INCREMENT=45 DEFAULT CHARSET=utf8mb4 COLLATE=utf8mb4_0900_ai_ci;

/*Data for the table `businessentry` */

insert  into `businessentry`(id,ownername,businessname,businesstype,email,phonenumber,password) values (31,'Selva','Cognizant Technology Solutions','4','selva@cognizant.com','95844512365','selva@8055'),(32,'Rahul','Tata Consultancy Services','4','rahul@tcs.com','9554563212','rahul@2504'),(34,'Kumar','Infosys private limited','1','kumar@infosys.com','9548544445','kumar@12345'),(35,'Sangeetha','Wipro Limited','3','sangeetha@wipro.com','2548812345','san@6584'),(36,'Naveen','Accenture Limited','2','naveen@gmail.com','9884812345','naveen@123'),(37,'Jack','Capgemini LImited','3','cap@gmail.com','5456622222','cap@12345'),(39,'Jack1','Capgemini LImited','3','cap@gmail.com','5456622222','cap@12345'),(40,'Jack2','Capgemini LImited2','3','cap@gmail.com','5456622222','cap@12345'),(41,'Sathish Babu','Emphasis','3','babu@gmail.com','9845512345','empha@055'),(42,'Kumarasamy','HCL LLC','3','kumar@hcl.com','6558412345','hcl@8055'),(43,'Ganguly','Western LLC','4','ganguly@westernllc.com','6554522224','Pass@5244'),(44,'Sadagopan','SR Technology','3','sada@gmail.com','9884523154','p1');

/*Table structure for table `sm_logindetails` */

DROP TABLE IF EXISTS `sm_logindetails`;

CREATE TABLE `sm_logindetails` (
  `id` int NOT NULL AUTO_INCREMENT,
  `name` varchar(100) CHARACTER SET latin1 COLLATE latin1_swedish_ci DEFAULT NULL,
  `logintime` timestamp NULL DEFAULT NULL,
  `logouttime` timestamp NULL DEFAULT NULL,
  `dateadded` date DEFAULT NULL,
  PRIMARY KEY (`id`)
) ENGINE=InnoDB AUTO_INCREMENT=818 DEFAULT CHARSET=latin1;

/*Data for the table `sm_logindetails` */

insert  into `sm_logindetails`(id,name,logintime,logouttime,dateadded) values (24,'b1','2024-12-03 15:50:57',NULL,'2024-12-03'),(25,'b1','2024-12-03 15:50:58',NULL,'2024-12-03'),(26,'b1','2024-12-03 18:24:17',NULL,'2024-12-03'),(27,'b1','2024-12-03 18:24:20',NULL,'2024-12-03'),(28,'b1','2024-12-04 11:30:21',NULL,'2024-12-04'),(29,'b1','2024-12-04 11:30:24',NULL,'2024-12-04'),(30,'b1','2024-12-04 11:42:31',NULL,'2024-12-04'),(31,'b1','2024-12-04 11:42:31',NULL,'2024-12-04'),(32,'b1','2024-12-04 11:46:01',NULL,'2024-12-04'),(33,'b1','2024-12-04 11:46:02',NULL,'2024-12-04'),(34,'b1','2024-12-04 16:54:47',NULL,'2024-12-04'),(35,'b1','2024-12-04 16:54:47',NULL,'2024-12-04'),(36,'b1','2024-12-04 17:45:16',NULL,'2024-12-04'),(37,'b1','2024-12-04 17:45:18',NULL,'2024-12-04'),(38,'b1','2024-12-08 19:13:20',NULL,'2024-12-08'),(39,'b1','2024-12-08 19:13:26',NULL,'2024-12-08'),(40,'b1','2024-12-08 19:46:51',NULL,'2024-12-08'),(41,'b1','2024-12-08 19:46:51',NULL,'2024-12-08'),(42,'b1','2024-12-09 14:03:26',NULL,'2024-12-09'),(43,'b1','2024-12-09 14:03:27',NULL,'2024-12-09'),(44,'b1','2025-01-06 12:35:05',NULL,'2025-01-06'),(45,'b1','2025-01-06 12:35:06',NULL,'2025-01-06'),(46,'b1','2025-01-06 13:24:39',NULL,'2025-01-06'),(47,'b1','2025-01-06 13:24:39',NULL,'2025-01-06'),(48,'b1','2025-02-11 17:46:47',NULL,'2025-02-11'),(49,'b1','2025-02-11 17:46:50',NULL,'2025-02-11'),(50,'b1','2025-02-11 17:59:23',NULL,'2025-02-11'),(51,'b1','2025-02-11 17:59:24',NULL,'2025-02-11'),(52,'b1','2025-02-11 19:38:00',NULL,'2025-02-11'),(53,'b1','2025-02-11 19:38:02',NULL,'2025-02-11'),(54,'b1','2025-02-11 19:45:41',NULL,'2025-02-11'),(55,'b1','2025-02-11 19:45:41',NULL,'2025-02-11'),(56,'b1','2025-02-11 20:35:22',NULL,'2025-02-11'),(57,'b1','2025-02-11 20:35:23',NULL,'2025-02-11'),(58,'b1','2025-02-12 09:14:10',NULL,'2025-02-12'),(59,'b1','2025-02-12 09:14:12',NULL,'2025-02-12'),(60,'b1','2025-02-12 09:14:13',NULL,'2025-02-12'),(61,'b1','2025-02-12 09:14:13',NULL,'2025-02-12'),(62,'b1','2025-02-12 11:27:48',NULL,'2025-02-12'),(63,'b1','2025-02-12 11:27:54',NULL,'2025-02-12'),(64,'b1','2025-02-12 12:27:37',NULL,'2025-02-12'),(65,'b1','2025-02-12 12:27:37',NULL,'2025-02-12'),(66,'n1','2025-02-12 12:29:15',NULL,'2025-02-12'),(67,'n1','2025-02-12 12:29:16',NULL,'2025-02-12'),(68,'n1','2025-02-12 12:39:43',NULL,'2025-02-12'),(69,'n1','2025-02-12 12:39:44',NULL,'2025-02-12'),(70,'n1','2025-02-12 12:46:01',NULL,'2025-02-12'),(71,'n1','2025-02-12 12:46:02',NULL,'2025-02-12'),(72,'b1','2025-02-12 12:48:35',NULL,'2025-02-12'),(73,'b1','2025-02-12 12:48:36',NULL,'2025-02-12'),(74,'n1','2025-02-12 12:55:18',NULL,'2025-02-12'),(75,'n1','2025-02-12 12:55:19',NULL,'2025-02-12'),(76,'n1','2025-02-12 13:13:05',NULL,'2025-02-12'),(77,'n1','2025-02-12 13:13:06',NULL,'2025-02-12'),(78,'n1','2025-02-12 13:23:19',NULL,'2025-02-12'),(79,'n1','2025-02-12 13:23:20',NULL,'2025-02-12'),(80,'n1','2025-02-12 15:38:37',NULL,'2025-02-12'),(81,'n1','2025-02-12 15:38:38',NULL,'2025-02-12'),(82,'n2','2025-02-12 18:07:05',NULL,'2025-02-12'),(83,'n2','2025-02-12 18:07:06',NULL,'2025-02-12'),(84,'n2','2025-02-12 18:07:09',NULL,'2025-02-12'),(85,'n2','2025-02-12 18:07:09',NULL,'2025-02-12'),(86,'n1','2025-02-12 18:20:52',NULL,'2025-02-12'),(87,'n1','2025-02-12 18:20:52',NULL,'2025-02-12'),(88,'n1','2025-02-12 18:50:21',NULL,'2025-02-12'),(89,'n1','2025-02-12 18:50:21',NULL,'2025-02-12'),(90,'n2','2025-02-12 18:50:51',NULL,'2025-02-12'),(91,'n2','2025-02-12 18:50:51',NULL,'2025-02-12'),(92,'b1','2025-02-12 19:13:47',NULL,'2025-02-12'),(93,'b1','2025-02-12 19:13:47',NULL,'2025-02-12'),(94,'n1','2025-02-12 19:14:17',NULL,'2025-02-12'),(95,'n1','2025-02-12 19:14:17',NULL,'2025-02-12'),(96,'b1','2025-02-12 19:23:14',NULL,'2025-02-12'),(97,'b1','2025-02-12 19:23:14',NULL,'2025-02-12'),(98,'n1','2025-02-12 19:38:17',NULL,'2025-02-12'),(99,'n1','2025-02-12 19:38:17',NULL,'2025-02-12'),(100,'n2','2025-02-13 10:14:28',NULL,'2025-02-13'),(101,'n2','2025-02-13 10:14:29',NULL,'2025-02-13'),(102,'n1','2025-02-14 10:56:26',NULL,'2025-02-14'),(103,'n1','2025-02-14 10:56:27',NULL,'2025-02-14'),(104,'n1','2025-02-14 11:57:17',NULL,'2025-02-14'),(105,'n1','2025-02-14 11:57:18',NULL,'2025-02-14'),(106,'n1','2025-02-14 12:50:06',NULL,'2025-02-14'),(107,'n1','2025-02-14 12:50:07',NULL,'2025-02-14'),(108,'b1','2025-02-14 13:02:39',NULL,'2025-02-14'),(109,'b1','2025-02-14 13:02:40',NULL,'2025-02-14'),(110,'n2','2025-02-14 13:08:07',NULL,'2025-02-14'),(111,'n2','2025-02-14 13:08:07',NULL,'2025-02-14'),(112,'b1','2025-02-14 13:15:21',NULL,'2025-02-14'),(113,'b1','2025-02-14 13:15:21',NULL,'2025-02-14'),(114,'n1','2025-02-16 14:08:14',NULL,'2025-02-16'),(115,'n1','2025-02-16 14:08:14',NULL,'2025-02-16'),(116,'n2','2025-02-16 14:33:45',NULL,'2025-02-16'),(117,'n2','2025-02-16 14:33:46',NULL,'2025-02-16'),(118,'b1','2025-02-16 15:07:42',NULL,'2025-02-16'),(119,'b1','2025-02-16 15:07:42',NULL,'2025-02-16'),(120,'n1','2025-02-16 15:10:54',NULL,'2025-02-16'),(121,'n1','2025-02-16 15:10:55',NULL,'2025-02-16'),(122,'b1','2025-02-16 15:12:24',NULL,'2025-02-16'),(123,'b1','2025-02-16 15:12:25',NULL,'2025-02-16'),(124,'b1','2025-02-16 15:46:28',NULL,'2025-02-16'),(125,'b1','2025-02-16 15:46:29',NULL,'2025-02-16'),(126,'b1','2025-02-16 16:00:26',NULL,'2025-02-16'),(127,'b1','2025-02-16 16:00:27',NULL,'2025-02-16'),(128,'b1','2025-02-16 16:45:53',NULL,'2025-02-16'),(129,'b1','2025-02-16 16:45:58',NULL,'2025-02-16'),(130,'b1','2025-02-16 17:01:37',NULL,'2025-02-16'),(131,'b1','2025-02-16 17:01:44',NULL,'2025-02-16'),(132,'b1','2025-02-16 17:29:14',NULL,'2025-02-16'),(133,'b1','2025-02-16 17:29:16',NULL,'2025-02-16'),(134,'n1','2025-02-17 08:53:19',NULL,'2025-02-17'),(135,'n1','2025-02-17 08:53:20',NULL,'2025-02-17'),(136,'n1','2025-02-17 09:02:51',NULL,'2025-02-17'),(137,'n1','2025-02-17 09:02:52',NULL,'2025-02-17'),(138,'n1','2025-02-17 09:18:37',NULL,'2025-02-17'),(139,'n1','2025-02-17 09:18:38',NULL,'2025-02-17'),(140,'n2','2025-02-17 09:23:30',NULL,'2025-02-17'),(141,'n2','2025-02-17 09:23:30',NULL,'2025-02-17'),(142,'n1','2025-02-17 09:32:05',NULL,'2025-02-17'),(143,'n1','2025-02-17 09:32:06',NULL,'2025-02-17'),(144,'n1','2025-02-17 09:33:12',NULL,'2025-02-17'),(145,'n1','2025-02-17 09:33:12',NULL,'2025-02-17'),(146,'n1','2025-02-17 10:15:45',NULL,'2025-02-17'),(147,'n1','2025-02-17 10:15:47',NULL,'2025-02-17'),(148,'n1','2025-02-17 10:34:15',NULL,'2025-02-17'),(149,'n1','2025-02-17 10:34:23',NULL,'2025-02-17'),(150,'n1','2025-02-17 11:39:25',NULL,'2025-02-17'),(151,'n1','2025-02-17 11:39:32',NULL,'2025-02-17'),(152,'b1','2025-02-17 14:25:10',NULL,'2025-02-17'),(153,'b1','2025-02-17 14:25:12',NULL,'2025-02-17'),(154,'b1','2025-02-17 15:17:59',NULL,'2025-02-17'),(155,'b1','2025-02-17 15:18:02',NULL,'2025-02-17'),(156,'b1','2025-02-17 20:16:42',NULL,'2025-02-17'),(157,'b1','2025-02-17 20:16:53',NULL,'2025-02-17'),(158,'b1','2025-02-17 20:17:02',NULL,'2025-02-17'),(159,'b1','2025-02-17 20:17:03',NULL,'2025-02-17'),(160,'b1','2025-02-17 21:00:25',NULL,'2025-02-17'),(161,'b1','2025-02-17 21:00:28',NULL,'2025-02-17'),(162,'b1','2025-02-18 09:27:16',NULL,'2025-02-18'),(163,'b1','2025-02-18 09:27:17',NULL,'2025-02-18'),(164,'b1','2025-02-18 10:02:00',NULL,'2025-02-18'),(165,'b1','2025-02-18 10:02:01',NULL,'2025-02-18'),(166,'b1','2025-02-18 10:05:34',NULL,'2025-02-18'),(167,'b1','2025-02-18 10:05:35',NULL,'2025-02-18'),(168,'b1','2025-02-18 11:54:12',NULL,'2025-02-18'),(169,'b1','2025-02-18 11:54:14',NULL,'2025-02-18'),(170,'b1','2025-02-18 12:27:46',NULL,'2025-02-18'),(171,'b1','2025-02-18 12:27:46',NULL,'2025-02-18'),(172,'b1','2025-02-18 13:16:36',NULL,'2025-02-18'),(173,'b1','2025-02-18 13:16:39',NULL,'2025-02-18'),(174,'b1','2025-02-18 13:27:15',NULL,'2025-02-18'),(175,'b1','2025-02-18 13:27:16',NULL,'2025-02-18'),(176,'b1','2025-02-18 13:40:11',NULL,'2025-02-18'),(177,'b1','2025-02-18 13:40:16',NULL,'2025-02-18'),(178,'b1','2025-02-18 13:52:19',NULL,'2025-02-18'),(179,'b1','2025-02-18 13:52:19',NULL,'2025-02-18'),(180,'n1','2025-02-18 14:39:02',NULL,'2025-02-18'),(181,'n1','2025-02-18 14:39:03',NULL,'2025-02-18'),(182,'b1','2025-02-18 14:39:33',NULL,'2025-02-18'),(183,'b1','2025-02-18 14:39:34',NULL,'2025-02-18'),(184,'b1','2025-02-18 15:49:46',NULL,'2025-02-18'),(185,'b1','2025-02-18 15:49:47',NULL,'2025-02-18'),(186,'b1','2025-02-18 15:55:52',NULL,'2025-02-18'),(187,'b1','2025-02-18 15:55:53',NULL,'2025-02-18'),(188,'k1','2025-02-18 16:21:05',NULL,'2025-02-18'),(189,'k1','2025-02-18 16:21:06',NULL,'2025-02-18'),(190,'b1','2025-02-18 16:21:34',NULL,'2025-02-18'),(191,'b1','2025-02-18 16:21:35',NULL,'2025-02-18'),(192,'b1','2025-02-22 16:39:45',NULL,'2025-02-22'),(193,'b1','2025-02-22 16:39:47',NULL,'2025-02-22'),(194,'b1','2025-02-22 17:23:27',NULL,'2025-02-22'),(195,'b1','2025-02-22 17:23:31',NULL,'2025-02-22'),(196,'k1','2025-02-22 17:25:00',NULL,'2025-02-22'),(197,'k1','2025-02-22 17:25:00',NULL,'2025-02-22'),(198,'b1','2025-02-22 18:18:18',NULL,'2025-02-22'),(199,'b1','2025-02-22 18:18:20',NULL,'2025-02-22'),(200,'b1','2025-02-22 18:30:07',NULL,'2025-02-22'),(201,'b1','2025-02-22 18:30:07',NULL,'2025-02-22'),(202,'b1','2025-02-22 18:30:17',NULL,'2025-02-22'),(203,'b1','2025-02-22 18:30:17',NULL,'2025-02-22'),(204,'b1','2025-02-22 18:30:25',NULL,'2025-02-22'),(205,'b1','2025-02-22 18:30:25',NULL,'2025-02-22'),(206,'k1','2025-02-22 18:40:20',NULL,'2025-02-22'),(207,'k1','2025-02-22 18:40:21',NULL,'2025-02-22'),(208,'k1','2025-02-22 18:41:18',NULL,'2025-02-22'),(209,'k1','2025-02-22 18:41:19',NULL,'2025-02-22'),(210,'n1','2025-02-23 12:32:22',NULL,'2025-02-23'),(211,'n1','2025-02-23 12:32:24',NULL,'2025-02-23'),(212,'b1','2025-02-23 12:33:07',NULL,'2025-02-23'),(213,'b1','2025-02-23 12:33:07',NULL,'2025-02-23'),(214,'b1','2025-02-23 12:59:50',NULL,'2025-02-23'),(215,'b1','2025-02-23 12:59:50',NULL,'2025-02-23'),(216,'b1','2025-02-23 13:05:39',NULL,'2025-02-23'),(217,'b1','2025-02-23 13:05:39',NULL,'2025-02-23'),(218,'b1','2025-02-23 13:13:40',NULL,'2025-02-23'),(219,'b1','2025-02-23 13:13:40',NULL,'2025-02-23'),(220,'b1','2025-02-23 13:39:42',NULL,'2025-02-23'),(221,'b1','2025-02-23 13:39:43',NULL,'2025-02-23'),(222,'b1','2025-02-23 13:54:42',NULL,'2025-02-23'),(223,'b1','2025-02-23 13:54:42',NULL,'2025-02-23'),(224,'b1','2025-02-23 13:56:49',NULL,'2025-02-23'),(225,'b1','2025-02-23 13:56:49',NULL,'2025-02-23'),(226,'b1','2025-02-23 14:04:00',NULL,'2025-02-23'),(227,'b1','2025-02-23 14:04:00',NULL,'2025-02-23'),(228,'b1','2025-02-23 14:11:53',NULL,'2025-02-23'),(229,'b1','2025-02-23 14:11:55',NULL,'2025-02-23'),(230,'b1','2025-02-23 14:14:56',NULL,'2025-02-23'),(231,'b1','2025-02-23 14:14:57',NULL,'2025-02-23'),(232,'b1','2025-02-23 14:15:10',NULL,'2025-02-23'),(233,'b1','2025-02-23 14:15:10',NULL,'2025-02-23'),(234,'k1','2025-02-23 14:18:59',NULL,'2025-02-23'),(235,'k1','2025-02-23 14:19:21',NULL,'2025-02-23'),(236,'b1','2025-02-23 14:29:39',NULL,'2025-02-23'),(237,'b1','2025-02-23 14:29:39',NULL,'2025-02-23'),(238,'b1','2025-02-23 14:40:44',NULL,'2025-02-23'),(239,'b1','2025-02-23 14:40:44',NULL,'2025-02-23'),(240,'b1','2025-02-23 14:42:39',NULL,'2025-02-23'),(241,'b1','2025-02-23 14:42:39',NULL,'2025-02-23'),(242,'b1','2025-02-23 14:51:42',NULL,'2025-02-23'),(243,'b1','2025-02-23 14:51:42',NULL,'2025-02-23'),(244,'b1','2025-02-23 14:53:21',NULL,'2025-02-23'),(245,'b1','2025-02-23 14:53:22',NULL,'2025-02-23'),(246,'b1','2025-02-23 15:11:58',NULL,'2025-02-23'),(247,'b1','2025-02-23 15:11:58',NULL,'2025-02-23'),(248,'b1','2025-02-23 15:17:49',NULL,'2025-02-23'),(249,'b1','2025-02-23 15:17:49',NULL,'2025-02-23'),(250,'b1','2025-02-23 15:54:20',NULL,'2025-02-23'),(251,'b1','2025-02-23 15:54:21',NULL,'2025-02-23'),(252,'b1','2025-02-23 16:01:31',NULL,'2025-02-23'),(253,'b1','2025-02-23 16:01:35',NULL,'2025-02-23'),(254,'b1','2025-02-23 16:12:19',NULL,'2025-02-23'),(255,'b1','2025-02-23 16:12:19',NULL,'2025-02-23'),(256,'b1',NULL,'2025-02-23 16:12:26','2025-02-23'),(257,'b1','2025-02-23 16:15:25',NULL,'2025-02-23'),(258,'b1','2025-02-23 16:15:40',NULL,'2025-02-23'),(259,'b1',NULL,'2025-02-23 16:19:39','2025-02-23'),(260,'b1','2025-02-23 16:25:33',NULL,'2025-02-23'),(261,'b1','2025-02-23 16:25:34',NULL,'2025-02-23'),(262,'b1',NULL,'2025-02-23 16:26:34','2025-02-23'),(263,'b1','2025-02-23 16:36:25',NULL,'2025-02-23'),(264,'b1','2025-02-23 16:36:25',NULL,'2025-02-23'),(265,'b1',NULL,'2025-02-23 16:36:44','2025-02-23'),(266,'b1','2025-02-23 16:43:04',NULL,'2025-02-23'),(267,'b1','2025-02-23 16:43:08',NULL,'2025-02-23'),(268,'b1',NULL,'2025-02-23 16:43:14','2025-02-23'),(269,'n1','2025-02-23 16:44:35',NULL,'2025-02-23'),(270,'n1','2025-02-23 16:44:35',NULL,'2025-02-23'),(271,'n1',NULL,'2025-02-23 16:44:42','2025-02-23'),(272,'k1','2025-02-23 16:46:47',NULL,'2025-02-23'),(273,'k1','2025-02-23 16:46:48',NULL,'2025-02-23'),(274,'k1',NULL,'2025-02-23 16:47:00','2025-02-23'),(275,'b1','2025-02-23 16:53:24',NULL,'2025-02-23'),(276,'b1','2025-02-23 16:53:28',NULL,'2025-02-23'),(277,'b1','2025-02-23 16:55:36',NULL,'2025-02-23'),(278,'b1','2025-02-23 16:55:36',NULL,'2025-02-23'),(279,'b1',NULL,'2025-02-23 16:55:59','2025-02-23'),(280,'b1','2025-02-23 17:01:31',NULL,'2025-02-23'),(281,'b1','2025-02-23 17:01:36',NULL,'2025-02-23'),(282,'b1',NULL,'2025-02-23 17:01:52','2025-02-23'),(283,'n1','2025-02-23 17:07:08',NULL,'2025-02-23'),(284,'n1','2025-02-23 17:07:09',NULL,'2025-02-23'),(285,'n1',NULL,'2025-02-23 17:07:24','2025-02-23'),(286,'b1','2025-02-24 10:25:26',NULL,'2025-02-24'),(287,'b1','2025-02-24 10:25:31',NULL,'2025-02-24'),(288,'b1',NULL,'2025-02-24 10:27:19','2025-02-24'),(289,'k1','2025-02-24 10:33:07',NULL,'2025-02-24'),(290,'k1','2025-02-24 10:33:08',NULL,'2025-02-24'),(291,'k1',NULL,'2025-02-24 10:33:23','2025-02-24'),(292,'b1','2025-02-24 10:33:59',NULL,'2025-02-24'),(293,'b1','2025-02-24 10:33:59',NULL,'2025-02-24'),(294,'b1',NULL,'2025-02-24 10:34:26','2025-02-24'),(295,'b1','2025-02-24 10:51:22',NULL,'2025-02-24'),(296,'b1','2025-02-24 10:51:23',NULL,'2025-02-24'),(297,'b1','2025-02-25 10:13:33',NULL,'2025-02-25'),(298,'b1','2025-02-25 10:13:33',NULL,'2025-02-25'),(299,'b1',NULL,'2025-02-25 10:14:23','2025-02-25'),(300,'b1','2025-02-25 10:24:13',NULL,'2025-02-25'),(301,'b1','2025-02-25 10:24:14',NULL,'2025-02-25'),(302,'b1',NULL,'2025-02-25 10:24:30','2025-02-25'),(303,'b1','2025-02-25 11:45:02',NULL,'2025-02-25'),(304,'b1','2025-02-25 11:45:04',NULL,'2025-02-25'),(305,'b1',NULL,'2025-02-25 11:45:45','2025-02-25'),(306,'b1','2025-02-25 13:17:36',NULL,'2025-02-25'),(307,'b1','2025-02-25 13:17:44',NULL,'2025-02-25'),(308,'b1',NULL,'2025-02-25 13:19:14','2025-02-25'),(309,'b1','2025-02-25 13:24:14',NULL,'2025-02-25'),(310,'b1','2025-02-25 13:24:19',NULL,'2025-02-25'),(311,'b1',NULL,'2025-02-25 13:25:33','2025-02-25'),(312,'k1','2025-02-25 13:29:37',NULL,'2025-02-25'),(313,'k1','2025-02-25 13:29:44',NULL,'2025-02-25'),(314,'k1',NULL,'2025-02-25 13:31:18','2025-02-25'),(315,'n1','2025-02-25 13:35:50',NULL,'2025-02-25'),(316,'n1','2025-02-25 13:35:52',NULL,'2025-02-25'),(317,'n1',NULL,'2025-02-25 13:36:05','2025-02-25'),(318,'b1','2025-02-25 15:13:08',NULL,'2025-02-25'),(319,'b1','2025-02-25 15:13:09',NULL,'2025-02-25'),(320,'b1','2025-02-25 15:23:33',NULL,'2025-02-25'),(321,'b1','2025-02-25 15:23:34',NULL,'2025-02-25'),(322,'b1',NULL,'2025-02-25 15:24:37','2025-02-25'),(323,'k1','2025-02-25 15:25:31',NULL,'2025-02-25'),(324,'k1','2025-02-25 15:25:33',NULL,'2025-02-25'),(325,'b1','2025-02-25 15:50:08',NULL,'2025-02-25'),(326,'b1','2025-02-25 15:50:09',NULL,'2025-02-25'),(327,'b1',NULL,'2025-02-25 15:50:54','2025-02-25'),(328,'b1','2025-02-25 17:57:45',NULL,'2025-02-25'),(329,'b1','2025-02-25 17:57:48',NULL,'2025-02-25'),(330,'b1',NULL,'2025-02-25 18:04:53','2025-02-25'),(331,'b1','2025-02-25 18:05:34',NULL,'2025-02-25'),(332,'b1','2025-02-25 18:05:36',NULL,'2025-02-25'),(333,'b1',NULL,'2025-02-25 18:06:31','2025-02-25'),(334,'b1','2025-02-25 18:32:26',NULL,'2025-02-25'),(335,'b1','2025-02-25 18:32:27',NULL,'2025-02-25'),(336,'b1',NULL,'2025-02-25 18:35:24','2025-02-25'),(337,'b1','2025-02-27 17:59:22',NULL,'2025-02-27'),(338,'b1','2025-02-27 17:59:24',NULL,'2025-02-27'),(339,'b1',NULL,'2025-02-27 17:59:47','2025-02-27'),(340,'k1','2025-02-27 18:19:10',NULL,'2025-02-27'),(341,'k1','2025-02-27 18:19:11',NULL,'2025-02-27'),(342,'k1',NULL,'2025-02-27 18:35:54','2025-02-27'),(343,'b1','2025-02-27 18:42:24',NULL,'2025-02-27'),(344,'b1','2025-02-27 18:42:25',NULL,'2025-02-27'),(345,'b1',NULL,'2025-02-27 18:43:06','2025-02-27'),(346,'b1','2025-02-27 18:54:46',NULL,'2025-02-27'),(347,'b1','2025-02-27 18:54:47',NULL,'2025-02-27'),(348,'b1',NULL,'2025-02-27 18:59:18','2025-02-27'),(349,'b1','2025-02-27 19:02:57',NULL,'2025-02-27'),(350,'b1','2025-02-27 19:02:57',NULL,'2025-02-27'),(351,'b1','2025-02-27 19:24:55',NULL,'2025-02-27'),(352,'b1','2025-02-27 19:24:56',NULL,'2025-02-27'),(353,'b1',NULL,'2025-02-27 19:25:35','2025-02-27'),(354,'b1','2025-02-27 19:26:56',NULL,'2025-02-27'),(355,'b1','2025-02-27 19:26:56',NULL,'2025-02-27'),(356,'b1',NULL,'2025-02-27 19:27:00','2025-02-27'),(357,'b1','2025-02-27 19:27:53',NULL,'2025-02-27'),(358,'b1','2025-02-27 19:27:53',NULL,'2025-02-27'),(359,'b1',NULL,'2025-02-27 19:27:56','2025-02-27'),(360,'n1','2025-02-27 19:29:46',NULL,'2025-02-27'),(361,'n1','2025-02-27 19:29:46',NULL,'2025-02-27'),(362,'n1','2025-02-27 19:30:06',NULL,'2025-02-27'),(363,'n1','2025-02-27 19:30:06',NULL,'2025-02-27'),(364,'k1','2025-02-27 19:30:17',NULL,'2025-02-27'),(365,'k1','2025-02-27 19:30:18',NULL,'2025-02-27'),(366,'k1',NULL,'2025-02-27 19:30:32','2025-02-27'),(367,'b1','2025-03-01 23:07:22',NULL,'2025-03-01'),(368,'b1','2025-03-01 23:07:23',NULL,'2025-03-01'),(369,'b1',NULL,'2025-03-01 23:08:49','2025-03-01'),(370,'k1','2025-03-01 23:10:15',NULL,'2025-03-01'),(371,'k1','2025-03-01 23:10:16',NULL,'2025-03-01'),(372,'b1','2025-03-02 00:02:45',NULL,'2025-03-02'),(373,'b1','2025-03-02 00:02:46',NULL,'2025-03-02'),(374,'b1',NULL,'2025-03-02 00:03:12','2025-03-02'),(375,'b1','2025-03-02 00:04:07',NULL,'2025-03-02'),(376,'b1','2025-03-02 00:04:09',NULL,'2025-03-02'),(377,'b1','2025-03-02 00:07:16',NULL,'2025-03-02'),(378,'b1','2025-03-02 00:07:17',NULL,'2025-03-02'),(379,'b1',NULL,'2025-03-02 00:07:28','2025-03-02'),(380,'n1','2025-03-02 00:24:24',NULL,'2025-03-02'),(381,'n1','2025-03-02 00:24:25',NULL,'2025-03-02'),(382,'b1','2025-03-02 00:24:50',NULL,'2025-03-02'),(383,'b1','2025-03-02 00:24:51',NULL,'2025-03-02'),(384,'b1',NULL,'2025-03-02 00:25:00','2025-03-02'),(385,'b1','2025-03-02 00:25:50',NULL,'2025-03-02'),(386,'b1','2025-03-02 00:25:50',NULL,'2025-03-02'),(387,'b1',NULL,'2025-03-02 00:26:00','2025-03-02'),(388,'b1','2025-03-02 00:26:32',NULL,'2025-03-02'),(389,'b1','2025-03-02 00:26:32',NULL,'2025-03-02'),(390,'b1',NULL,'2025-03-02 00:26:41','2025-03-02'),(391,'b1','2025-03-02 00:29:44',NULL,'2025-03-02'),(392,'b1','2025-03-02 00:29:44',NULL,'2025-03-02'),(393,'b1',NULL,'2025-03-02 00:29:52','2025-03-02'),(394,'b1','2025-03-02 00:33:40',NULL,'2025-03-02'),(395,'b1','2025-03-02 00:33:41',NULL,'2025-03-02'),(396,'b1',NULL,'2025-03-02 00:33:54','2025-03-02'),(397,'b1','2025-03-02 00:39:02',NULL,'2025-03-02'),(398,'b1','2025-03-02 00:39:03',NULL,'2025-03-02'),(399,'b1',NULL,'2025-03-02 00:39:18','2025-03-02'),(400,'b1','2025-03-02 01:51:03',NULL,'2025-03-02'),(401,'b1','2025-03-02 01:51:05',NULL,'2025-03-02'),(402,'b1',NULL,'2025-03-02 01:51:23','2025-03-02'),(403,'b1','2025-03-02 02:06:48',NULL,'2025-03-02'),(404,'b1','2025-03-02 02:06:49',NULL,'2025-03-02'),(405,'b1',NULL,'2025-03-02 02:07:04','2025-03-02'),(406,'n1','2025-03-02 02:07:33',NULL,'2025-03-02'),(407,'n1','2025-03-02 02:07:34',NULL,'2025-03-02'),(408,'k1','2025-03-02 02:07:49',NULL,'2025-03-02'),(409,'k1','2025-03-02 02:07:49',NULL,'2025-03-02'),(410,'k1',NULL,'2025-03-02 02:07:54','2025-03-02'),(411,'k1','2025-03-02 03:07:00',NULL,'2025-03-02'),(412,'k1','2025-03-02 03:07:05',NULL,'2025-03-02'),(413,'k1',NULL,'2025-03-02 03:07:19','2025-03-02'),(414,'k1','2025-03-02 03:09:09',NULL,'2025-03-02'),(415,'k1','2025-03-02 03:09:12',NULL,'2025-03-02'),(416,'k1',NULL,'2025-03-02 03:09:25','2025-03-02'),(417,'k1','2025-03-02 03:11:01',NULL,'2025-03-02'),(418,'k1','2025-03-02 03:11:02',NULL,'2025-03-02'),(419,'k1',NULL,'2025-03-02 03:11:09','2025-03-02'),(420,'k1','2025-03-02 03:12:52',NULL,'2025-03-02'),(421,'k1','2025-03-02 03:12:52',NULL,'2025-03-02'),(422,'k1',NULL,'2025-03-02 03:13:02','2025-03-02'),(423,'b1','2025-03-02 03:14:18',NULL,'2025-03-02'),(424,'b1','2025-03-02 03:14:19',NULL,'2025-03-02'),(425,'b1',NULL,'2025-03-02 03:14:22','2025-03-02'),(426,'k1','2025-03-02 03:16:11',NULL,'2025-03-02'),(427,'k1','2025-03-02 03:16:11',NULL,'2025-03-02'),(428,'k1','2025-03-02 03:17:41',NULL,'2025-03-02'),(429,'k1','2025-03-02 03:17:41',NULL,'2025-03-02'),(430,'k1',NULL,'2025-03-02 03:17:45','2025-03-02'),(431,'k1','2025-03-02 03:24:10',NULL,'2025-03-02'),(432,'k1','2025-03-02 03:24:13',NULL,'2025-03-02'),(433,'k1',NULL,'2025-03-02 03:24:18','2025-03-02'),(434,'b1','2025-03-02 03:26:32',NULL,'2025-03-02'),(435,'b1','2025-03-02 03:26:33',NULL,'2025-03-02'),(436,'b1',NULL,'2025-03-02 03:26:47','2025-03-02'),(437,'b1','2025-03-02 03:29:24',NULL,'2025-03-02'),(438,'b1','2025-03-02 03:29:24',NULL,'2025-03-02'),(439,'b1',NULL,'2025-03-02 03:29:38','2025-03-02'),(440,'k1','2025-03-02 03:30:58',NULL,'2025-03-02'),(441,'k1','2025-03-02 03:30:59',NULL,'2025-03-02'),(442,'k1',NULL,'2025-03-02 03:31:10','2025-03-02'),(443,'b1','2025-03-02 03:34:41',NULL,'2025-03-02'),(444,'b1','2025-03-02 03:34:41',NULL,'2025-03-02'),(445,'b1',NULL,'2025-03-02 03:34:51','2025-03-02'),(446,'k1','2025-03-02 04:07:27',NULL,'2025-03-02'),(447,'k1','2025-03-02 04:07:28',NULL,'2025-03-02'),(448,'k1',NULL,'2025-03-02 04:08:04','2025-03-02'),(449,'k1','2025-03-02 04:15:39',NULL,'2025-03-02'),(450,'k1','2025-03-02 04:15:40',NULL,'2025-03-02'),(451,'k1',NULL,'2025-03-02 04:15:53','2025-03-02'),(452,'k1','2025-03-02 04:26:02',NULL,'2025-03-02'),(453,'k1','2025-03-02 04:26:03',NULL,'2025-03-02'),(454,'k1',NULL,'2025-03-02 04:26:21','2025-03-02'),(455,'b1','2025-03-02 04:47:47',NULL,'2025-03-02'),(456,'b1','2025-03-02 04:47:48',NULL,'2025-03-02'),(457,'b1',NULL,'2025-03-02 04:47:57','2025-03-02'),(458,'k1','2025-03-02 04:56:44',NULL,'2025-03-02'),(459,'k1','2025-03-02 04:56:45',NULL,'2025-03-02'),(460,'k1','2025-03-02 05:00:00',NULL,'2025-03-02'),(461,'k1','2025-03-02 05:00:01',NULL,'2025-03-02'),(462,'k1',NULL,'2025-03-02 05:02:36','2025-03-02'),(463,'k1','2025-03-02 05:05:16',NULL,'2025-03-02'),(464,'k1','2025-03-02 05:05:17',NULL,'2025-03-02'),(465,'k1','2025-03-02 05:10:39',NULL,'2025-03-02'),(466,'k1','2025-03-02 05:10:40',NULL,'2025-03-02'),(467,'b1','2025-03-02 05:13:44',NULL,'2025-03-02'),(468,'b1','2025-03-02 05:13:44',NULL,'2025-03-02'),(469,'b1',NULL,'2025-03-02 05:14:07','2025-03-02'),(470,'b1','2025-03-02 08:16:00',NULL,'2025-03-02'),(471,'b1','2025-03-02 08:16:01',NULL,'2025-03-02'),(472,'b1',NULL,'2025-03-02 08:18:36','2025-03-02'),(473,'b1','2025-03-02 10:21:21',NULL,'2025-03-02'),(474,'b1','2025-03-02 10:21:45',NULL,'2025-03-02'),(475,'b1',NULL,'2025-03-02 10:22:45','2025-03-02'),(476,'b1','2025-03-02 13:16:38',NULL,'2025-03-02'),(477,'b1','2025-03-02 13:16:40',NULL,'2025-03-02'),(478,'b1',NULL,'2025-03-02 13:19:34','2025-03-02'),(479,'k1','2025-03-02 13:53:24',NULL,'2025-03-02'),(480,'k1','2025-03-02 13:53:24',NULL,'2025-03-02'),(481,'k1','2025-03-02 14:04:06',NULL,'2025-03-02'),(482,'k1','2025-03-02 14:04:06',NULL,'2025-03-02'),(483,'b1','2025-03-02 14:18:34',NULL,'2025-03-02'),(484,'b1','2025-03-02 14:18:35',NULL,'2025-03-02'),(485,'b1','2025-03-02 14:22:34',NULL,'2025-03-02'),(486,'b1','2025-03-02 14:22:34',NULL,'2025-03-02'),(487,'k1','2025-03-02 14:26:09',NULL,'2025-03-02'),(488,'k1','2025-03-02 14:26:09',NULL,'2025-03-02'),(489,'b1','2025-03-02 14:30:10',NULL,'2025-03-02'),(490,'b1','2025-03-02 14:30:11',NULL,'2025-03-02'),(491,'b1',NULL,'2025-03-02 14:31:07','2025-03-02'),(492,'b1','2025-03-02 14:39:37',NULL,'2025-03-02'),(493,'b1','2025-03-02 14:39:38',NULL,'2025-03-02'),(494,'b1',NULL,'2025-03-02 14:40:50','2025-03-02'),(495,'b1','2025-03-02 14:59:33',NULL,'2025-03-02'),(496,'b1','2025-03-02 14:59:34',NULL,'2025-03-02'),(497,'b1','2025-03-02 15:33:37',NULL,'2025-03-02'),(498,'b1','2025-03-02 15:33:38',NULL,'2025-03-02'),(499,'b1',NULL,'2025-03-02 15:33:55','2025-03-02'),(500,'b1','2025-03-02 15:34:27',NULL,'2025-03-02'),(501,'b1','2025-03-02 15:34:28',NULL,'2025-03-02'),(502,'b1',NULL,'2025-03-02 15:40:56','2025-03-02'),(503,'s1','2025-03-02 15:41:34',NULL,'2025-03-02'),(504,'s1','2025-03-02 15:41:34',NULL,'2025-03-02'),(505,'s1',NULL,'2025-03-02 15:42:51','2025-03-02'),(506,'k1','2025-03-02 15:47:47',NULL,'2025-03-02'),(507,'k1','2025-03-02 15:47:47',NULL,'2025-03-02'),(508,'k1',NULL,'2025-03-02 15:49:31','2025-03-02'),(509,'k1','2025-03-02 15:49:49',NULL,'2025-03-02'),(510,'k1','2025-03-02 15:49:49',NULL,'2025-03-02'),(511,'k1',NULL,'2025-03-02 15:53:39','2025-03-02'),(512,'b1','2025-03-02 17:10:16',NULL,'2025-03-02'),(513,'b1','2025-03-02 17:10:19',NULL,'2025-03-02'),(514,'k1','2025-03-02 17:14:41',NULL,'2025-03-02'),(515,'k1','2025-03-02 17:14:42',NULL,'2025-03-02'),(516,'k1',NULL,'2025-03-02 17:15:18','2025-03-02'),(517,'b1','2025-03-02 17:53:44',NULL,'2025-03-02'),(518,'b1','2025-03-02 17:53:53',NULL,'2025-03-02'),(519,'b1',NULL,'2025-03-02 17:54:42','2025-03-02'),(520,'k1','2025-03-02 17:54:55',NULL,'2025-03-02'),(521,'k1','2025-03-02 17:54:57',NULL,'2025-03-02'),(522,'k1',NULL,'2025-03-02 18:00:22','2025-03-02'),(523,'k1','2025-03-02 18:00:40',NULL,'2025-03-02'),(524,'k1','2025-03-02 18:00:41',NULL,'2025-03-02'),(525,'b1','2025-03-03 14:49:30',NULL,'2025-03-03'),(526,'b1','2025-03-03 14:49:31',NULL,'2025-03-03'),(527,'b1',NULL,'2025-03-03 15:03:22','2025-03-03'),(528,'b1','2025-03-03 15:38:25',NULL,'2025-03-03'),(529,'b1','2025-03-03 15:38:26',NULL,'2025-03-03'),(530,'b1','2025-03-03 15:39:32',NULL,'2025-03-03'),(531,'b1','2025-03-03 15:39:33',NULL,'2025-03-03'),(532,'k1','2025-03-03 15:47:57',NULL,'2025-03-03'),(533,'k1','2025-03-03 15:47:57',NULL,'2025-03-03'),(534,'k1',NULL,'2025-03-03 15:52:53','2025-03-03'),(535,'k1','2025-03-03 16:00:58',NULL,'2025-03-03'),(536,'k1','2025-03-03 16:00:59',NULL,'2025-03-03'),(537,'k1',NULL,'2025-03-03 16:17:56','2025-03-03'),(538,'k1',NULL,'2025-03-03 16:17:56','2025-03-03'),(539,'b1','2025-03-03 16:19:55',NULL,'2025-03-03'),(540,'b1','2025-03-03 16:19:56',NULL,'2025-03-03'),(541,'b1',NULL,'2025-03-03 16:23:12','2025-03-03'),(542,'b1','2025-03-03 16:24:53',NULL,'2025-03-03'),(543,'b1','2025-03-03 16:24:55',NULL,'2025-03-03'),(544,'b1','2025-03-04 10:00:14',NULL,'2025-03-04'),(545,'b1','2025-03-04 10:00:17',NULL,'2025-03-04'),(546,'b1',NULL,'2025-03-04 10:14:15','2025-03-04'),(547,'b1','2025-03-04 10:14:28',NULL,'2025-03-04'),(548,'b1','2025-03-04 10:14:29',NULL,'2025-03-04'),(549,'b1',NULL,'2025-03-04 10:15:31','2025-03-04'),(550,'b1','2025-03-04 10:15:38',NULL,'2025-03-04'),(551,'b1','2025-03-04 10:15:39',NULL,'2025-03-04'),(552,'b1',NULL,'2025-03-04 10:21:06','2025-03-04'),(553,'b1','2025-03-04 10:21:17',NULL,'2025-03-04'),(554,'b1','2025-03-04 10:21:17',NULL,'2025-03-04'),(555,'b1',NULL,'2025-03-04 10:25:40','2025-03-04'),(556,'k1','2025-03-04 10:26:00',NULL,'2025-03-04'),(557,'k1','2025-03-04 10:26:02',NULL,'2025-03-04'),(558,'b1','2025-03-04 10:28:26',NULL,'2025-03-04'),(559,'b1','2025-03-04 10:28:27',NULL,'2025-03-04'),(560,'k1','2025-03-04 10:52:38',NULL,'2025-03-04'),(561,'k1','2025-03-04 10:52:40',NULL,'2025-03-04'),(562,'k1',NULL,'2025-03-04 10:53:07','2025-03-04'),(563,'k1','2025-03-04 11:00:28',NULL,'2025-03-04'),(564,'k1','2025-03-04 11:00:29',NULL,'2025-03-04'),(565,'b1','2025-03-04 11:01:01',NULL,'2025-03-04'),(566,'b1','2025-03-04 11:01:02',NULL,'2025-03-04'),(567,'k1',NULL,'2025-03-04 11:01:59','2025-03-04'),(568,'b1','2025-03-04 11:05:23',NULL,'2025-03-04'),(569,'b1','2025-03-04 11:05:24',NULL,'2025-03-04'),(570,'b1',NULL,'2025-03-04 11:06:14','2025-03-04'),(571,'b1','2025-03-04 11:08:20',NULL,'2025-03-04'),(572,'b1','2025-03-04 11:08:22',NULL,'2025-03-04'),(573,'b1',NULL,'2025-03-04 11:08:46','2025-03-04'),(574,'k1','2025-03-04 11:11:58',NULL,'2025-03-04'),(575,'k1','2025-03-04 11:11:59',NULL,'2025-03-04'),(576,'k1',NULL,'2025-03-04 11:12:24','2025-03-04'),(577,'b1','2025-03-04 11:15:39',NULL,'2025-03-04'),(578,'b1','2025-03-04 11:15:41',NULL,'2025-03-04'),(579,'b1',NULL,'2025-03-04 11:16:10','2025-03-04'),(580,'b1','2025-03-04 11:18:30',NULL,'2025-03-04'),(581,'b1','2025-03-04 11:18:30',NULL,'2025-03-04'),(582,'b1',NULL,'2025-03-04 11:18:38','2025-03-04'),(583,'b1','2025-03-04 11:19:05',NULL,'2025-03-04'),(584,'b1','2025-03-04 11:19:07',NULL,'2025-03-04'),(585,'b1',NULL,'2025-03-04 11:20:06','2025-03-04'),(586,'b1','2025-03-04 11:21:42',NULL,'2025-03-04'),(587,'b1','2025-03-04 11:21:42',NULL,'2025-03-04'),(588,'b1',NULL,'2025-03-04 11:23:38','2025-03-04'),(589,'b1','2025-03-04 11:23:54',NULL,'2025-03-04'),(590,'b1','2025-03-04 11:23:54',NULL,'2025-03-04'),(591,'b1',NULL,'2025-03-04 11:24:29','2025-03-04'),(592,'b1','2025-03-04 11:43:32',NULL,'2025-03-04'),(593,'b1','2025-03-04 11:43:33',NULL,'2025-03-04'),(594,'b1',NULL,'2025-03-04 11:43:46','2025-03-04'),(595,'b1','2025-03-04 11:53:55',NULL,'2025-03-04'),(596,'b1','2025-03-04 11:53:56',NULL,'2025-03-04'),(597,'b1',NULL,'2025-03-04 11:54:10','2025-03-04'),(598,'b1','2025-03-04 11:58:48',NULL,'2025-03-04'),(599,'b1','2025-03-04 11:58:49',NULL,'2025-03-04'),(600,'b1',NULL,'2025-03-04 11:59:14','2025-03-04'),(601,'b1','2025-03-04 12:00:21',NULL,'2025-03-04'),(602,'b1','2025-03-04 12:00:21',NULL,'2025-03-04'),(603,'b1','2025-03-04 12:04:40',NULL,'2025-03-04'),(604,'b1','2025-03-04 12:04:40',NULL,'2025-03-04'),(605,'b1',NULL,'2025-03-04 12:05:03','2025-03-04'),(606,'b1','2025-03-04 12:19:29',NULL,'2025-03-04'),(607,'b1','2025-03-04 12:19:32',NULL,'2025-03-04'),(608,'b1','2025-03-04 12:29:37',NULL,'2025-03-04'),(609,'b1','2025-03-04 12:29:37',NULL,'2025-03-04'),(610,'b1',NULL,'2025-03-04 12:29:49','2025-03-04'),(611,'b1','2025-03-04 12:30:59',NULL,'2025-03-04'),(612,'b1','2025-03-04 12:31:00',NULL,'2025-03-04'),(613,'k1','2025-03-04 12:32:08',NULL,'2025-03-04'),(614,'k1','2025-03-04 12:32:10',NULL,'2025-03-04'),(615,'k1',NULL,'2025-03-04 12:52:56','2025-03-04'),(616,'b1',NULL,'2025-03-04 12:54:18','2025-03-04'),(617,'b1','2025-03-04 12:56:25',NULL,'2025-03-04'),(618,'b1','2025-03-04 12:56:26',NULL,'2025-03-04'),(619,'k1','2025-03-04 13:02:51',NULL,'2025-03-04'),(620,'k1','2025-03-04 13:02:52',NULL,'2025-03-04'),(621,'b1',NULL,'2025-03-04 13:11:50','2025-03-04'),(622,'b1','2025-03-04 13:12:28',NULL,'2025-03-04'),(623,'b1','2025-03-04 13:12:28',NULL,'2025-03-04'),(624,'k1','2025-03-04 13:12:50',NULL,'2025-03-04'),(625,'k1','2025-03-04 13:12:51',NULL,'2025-03-04'),(626,'k1',NULL,'2025-03-04 13:13:10','2025-03-04'),(627,'k1','2025-03-04 13:20:25',NULL,'2025-03-04'),(628,'k1','2025-03-04 13:20:26',NULL,'2025-03-04'),(629,'b1','2025-03-04 13:21:40',NULL,'2025-03-04'),(630,'b1','2025-03-04 13:21:42',NULL,'2025-03-04'),(631,'k1',NULL,'2025-03-04 13:22:13','2025-03-04'),(632,'b1','2025-03-04 13:29:29',NULL,'2025-03-04'),(633,'b1','2025-03-04 13:29:29',NULL,'2025-03-04'),(634,'k1','2025-03-04 13:29:59',NULL,'2025-03-04'),(635,'k1','2025-03-04 13:29:59',NULL,'2025-03-04'),(636,'k1',NULL,'2025-03-04 13:30:34','2025-03-04'),(637,'b1','2025-03-04 13:31:13',NULL,'2025-03-04'),(638,'b1','2025-03-04 13:31:13',NULL,'2025-03-04'),(639,'b1',NULL,'2025-03-04 13:31:28','2025-03-04'),(640,'b1','2025-03-04 13:37:32',NULL,'2025-03-04'),(641,'b1','2025-03-04 13:37:33',NULL,'2025-03-04'),(642,'k1','2025-03-04 16:40:45',NULL,'2025-03-04'),(643,'k1','2025-03-04 16:40:47',NULL,'2025-03-04'),(644,'b1','2025-03-04 16:41:26',NULL,'2025-03-04'),(645,'b1','2025-03-04 16:41:26',NULL,'2025-03-04'),(646,'k1','2025-03-04 16:41:43',NULL,'2025-03-04'),(647,'k1','2025-03-04 16:41:44',NULL,'2025-03-04'),(648,'n1','2025-03-04 16:49:05',NULL,'2025-03-04'),(649,'n1','2025-03-04 16:49:05',NULL,'2025-03-04'),(650,'b1','2025-03-04 16:53:20',NULL,'2025-03-04'),(651,'b1','2025-03-04 16:53:20',NULL,'2025-03-04'),(652,'b1','2025-03-04 16:55:45',NULL,'2025-03-04'),(653,'b1','2025-03-04 16:55:48',NULL,'2025-03-04'),(654,'b1','2025-03-04 17:01:31',NULL,'2025-03-04'),(655,'b1','2025-03-04 17:01:32',NULL,'2025-03-04'),(656,'b1','2025-03-04 17:05:45',NULL,'2025-03-04'),(657,'b1','2025-03-04 17:05:45',NULL,'2025-03-04'),(658,'b1',NULL,'2025-03-04 17:07:00','2025-03-04'),(659,'k1','2025-03-04 17:08:01',NULL,'2025-03-04'),(660,'k1','2025-03-04 17:08:02',NULL,'2025-03-04'),(661,'b1',NULL,'2025-03-04 17:14:09','2025-03-04'),(662,'b1','2025-03-05 12:26:53',NULL,'2025-03-05'),(663,'b1','2025-03-05 12:26:59',NULL,'2025-03-05'),(664,'b1',NULL,'2025-03-05 12:29:48','2025-03-05'),(665,'k1','2025-03-05 12:29:56',NULL,'2025-03-05'),(666,'k1','2025-03-05 12:29:57',NULL,'2025-03-05'),(667,'b1','2025-03-05 12:46:33',NULL,'2025-03-05'),(668,'b1','2025-03-05 12:46:34',NULL,'2025-03-05'),(669,'b1',NULL,'2025-03-05 14:20:26','2025-03-05'),(670,'b1',NULL,'2025-03-05 14:21:57','2025-03-05'),(671,'b1','2025-03-05 14:22:24',NULL,'2025-03-05'),(672,'b1','2025-03-05 14:22:25',NULL,'2025-03-05'),(673,'k1','2025-03-05 14:32:31',NULL,'2025-03-05'),(674,'k1','2025-03-05 14:32:32',NULL,'2025-03-05'),(675,'b1',NULL,'2025-03-05 14:36:36','2025-03-05'),(676,'b1',NULL,'2025-03-05 14:37:21','2025-03-05'),(677,'b1','2025-03-05 14:43:12',NULL,'2025-03-05'),(678,'b1','2025-03-05 14:43:12',NULL,'2025-03-05'),(679,'b1',NULL,'2025-03-05 14:43:36','2025-03-05'),(680,'k1','2025-03-05 14:44:23',NULL,'2025-03-05'),(681,'k1','2025-03-05 14:44:23',NULL,'2025-03-05'),(682,'k1',NULL,'2025-03-05 14:45:53','2025-03-05'),(683,'k1','2025-03-05 14:46:07',NULL,'2025-03-05'),(684,'k1','2025-03-05 14:46:08',NULL,'2025-03-05'),(685,'k1',NULL,'2025-03-05 14:46:54','2025-03-05'),(686,'k1','2025-03-05 14:46:59',NULL,'2025-03-05'),(687,'k1','2025-03-05 14:47:00',NULL,'2025-03-05'),(688,'b1','2025-03-05 15:04:30',NULL,'2025-03-05'),(689,'b1','2025-03-05 15:04:32',NULL,'2025-03-05'),(690,'b1','2025-03-05 15:07:13',NULL,'2025-03-05'),(691,'b1','2025-03-05 15:07:13',NULL,'2025-03-05'),(692,'b1',NULL,'2025-03-05 15:37:01','2025-03-05'),(693,'k1','2025-03-05 15:43:19',NULL,'2025-03-05'),(694,'k1','2025-03-05 15:43:19',NULL,'2025-03-05'),(695,'k1',NULL,'2025-03-05 15:52:03','2025-03-05'),(696,'b1','2025-03-09 12:03:45',NULL,'2025-03-09'),(697,'b1','2025-03-09 12:03:48',NULL,'2025-03-09'),(698,'b1','2025-03-09 12:17:07',NULL,'2025-03-09'),(699,'b1','2025-03-09 12:17:08',NULL,'2025-03-09'),(700,'b1',NULL,'2025-03-09 12:19:50','2025-03-09'),(701,'b1','2025-03-09 12:24:50',NULL,'2025-03-09'),(702,'b1','2025-03-09 12:24:51',NULL,'2025-03-09'),(703,'b1',NULL,'2025-03-09 12:26:23','2025-03-09'),(704,'b1','2025-03-09 12:26:38',NULL,'2025-03-09'),(705,'b1','2025-03-09 12:26:39',NULL,'2025-03-09'),(706,'b1',NULL,'2025-03-09 12:28:22','2025-03-09'),(707,'k1','2025-03-09 12:29:05',NULL,'2025-03-09'),(708,'k1','2025-03-09 12:29:06',NULL,'2025-03-09'),(709,'k1',NULL,'2025-03-09 12:29:51','2025-03-09'),(710,'b1','2025-03-09 12:31:16',NULL,'2025-03-09'),(711,'b1','2025-03-09 12:31:16',NULL,'2025-03-09'),(712,'b1',NULL,'2025-03-09 12:31:53','2025-03-09'),(713,'b1','2025-03-09 12:34:19',NULL,'2025-03-09'),(714,'b1','2025-03-09 12:34:20',NULL,'2025-03-09'),(715,'k1','2025-03-09 12:36:12',NULL,'2025-03-09'),(716,'k1','2025-03-09 12:36:12',NULL,'2025-03-09'),(717,'k1',NULL,'2025-03-09 12:37:09','2025-03-09'),(718,'n1','2025-03-09 12:41:45',NULL,'2025-03-09'),(719,'n1','2025-03-09 12:41:45',NULL,'2025-03-09'),(720,'b1','2025-03-09 12:42:39',NULL,'2025-03-09'),(721,'b1','2025-03-09 12:42:39',NULL,'2025-03-09'),(722,'k1','2025-03-09 12:43:25',NULL,'2025-03-09'),(723,'k1','2025-03-09 12:43:25',NULL,'2025-03-09'),(724,'b1','2025-03-09 12:46:15',NULL,'2025-03-09'),(725,'b1','2025-03-09 12:46:15',NULL,'2025-03-09'),(726,'b1','2025-03-09 12:47:34',NULL,'2025-03-09'),(727,'b1','2025-03-09 12:47:34',NULL,'2025-03-09'),(728,'b1','2025-03-09 12:48:09',NULL,'2025-03-09'),(729,'b1','2025-03-09 12:48:09',NULL,'2025-03-09'),(730,'k1','2025-03-09 13:07:07',NULL,'2025-03-09'),(731,'k1','2025-03-09 13:07:08',NULL,'2025-03-09'),(732,'b1','2025-03-09 13:26:23',NULL,'2025-03-09'),(733,'b1','2025-03-09 13:26:24',NULL,'2025-03-09'),(734,'b1',NULL,'2025-03-09 13:28:59','2025-03-09'),(735,'k1','2025-03-09 14:12:22',NULL,'2025-03-09'),(736,'k1','2025-03-09 14:12:23',NULL,'2025-03-09'),(737,'k1',NULL,'2025-03-09 14:15:04','2025-03-09'),(738,'b1','2025-03-09 14:50:37',NULL,'2025-03-09'),(739,'b1','2025-03-09 14:50:40',NULL,'2025-03-09'),(740,'k1','2025-03-09 18:53:44',NULL,'2025-03-09'),(741,'k1','2025-03-09 18:53:45',NULL,'2025-03-09'),(742,'k1','2025-03-09 19:21:33',NULL,'2025-03-09'),(743,'k1','2025-03-09 19:21:33',NULL,'2025-03-09'),(744,'k1',NULL,'2025-03-09 19:23:12','2025-03-09'),(745,'b1','2025-03-09 19:23:30',NULL,'2025-03-09'),(746,'b1','2025-03-09 19:23:31',NULL,'2025-03-09'),(747,'b1',NULL,'2025-03-09 19:24:16','2025-03-09'),(748,'k1','2025-03-09 19:52:35',NULL,'2025-03-09'),(749,'k1','2025-03-09 19:52:36',NULL,'2025-03-09'),(750,'k1',NULL,'2025-03-09 20:00:19','2025-03-09'),(751,'a1','2025-03-10 13:54:46',NULL,'2025-03-10'),(752,'a1','2025-03-10 13:54:47',NULL,'2025-03-10'),(753,'k1','2025-03-10 13:55:05',NULL,'2025-03-10'),(754,'k1','2025-03-10 13:55:06',NULL,'2025-03-10'),(755,'a1','2025-03-10 13:59:17',NULL,'2025-03-10'),(756,'a1','2025-03-10 13:59:18',NULL,'2025-03-10'),(757,'a1',NULL,'2025-03-10 14:11:33','2025-03-10'),(758,'k1','2025-03-10 14:11:50',NULL,'2025-03-10'),(759,'k1','2025-03-10 14:11:51',NULL,'2025-03-10'),(760,'k1',NULL,'2025-03-10 14:21:23','2025-03-10'),(761,'b1','2025-03-10 14:21:34',NULL,'2025-03-10'),(762,'b1','2025-03-10 14:21:34',NULL,'2025-03-10'),(763,'b1',NULL,'2025-03-10 14:22:29','2025-03-10'),(764,'n1','2025-03-10 14:22:36',NULL,'2025-03-10'),(765,'n1','2025-03-10 14:22:36',NULL,'2025-03-10'),(766,'n1','2025-03-10 14:22:49',NULL,'2025-03-10'),(767,'n1','2025-03-10 14:22:49',NULL,'2025-03-10'),(768,'a1','2025-03-10 14:23:16',NULL,'2025-03-10'),(769,'a1','2025-03-10 14:23:16',NULL,'2025-03-10'),(770,'a1',NULL,'2025-03-10 14:23:53','2025-03-10'),(771,'b1','2025-03-10 14:24:43',NULL,'2025-03-10'),(772,'b1','2025-03-10 14:24:44',NULL,'2025-03-10'),(773,'b1',NULL,'2025-03-10 14:25:33','2025-03-10'),(774,'k1','2025-03-10 14:26:39',NULL,'2025-03-10'),(775,'k1','2025-03-10 14:26:39',NULL,'2025-03-10'),(776,'k1',NULL,'2025-03-10 14:36:14','2025-03-10'),(777,'b1','2025-03-10 14:36:25',NULL,'2025-03-10'),(778,'b1','2025-03-10 14:36:26',NULL,'2025-03-10'),(779,'b1',NULL,'2025-03-10 14:42:33','2025-03-10'),(780,'k1','2025-03-10 14:45:33',NULL,'2025-03-10'),(781,'k1','2025-03-10 14:45:34',NULL,'2025-03-10'),(782,'k1',NULL,'2025-03-10 15:05:53','2025-03-10'),(783,'b1','2025-03-10 15:06:20',NULL,'2025-03-10'),(784,'b1','2025-03-10 15:06:20',NULL,'2025-03-10'),(785,'b1',NULL,'2025-03-10 15:34:09','2025-03-10'),(786,'b1','2025-03-10 15:34:26',NULL,'2025-03-10'),(787,'b1','2025-03-10 15:34:27',NULL,'2025-03-10'),(788,'b1',NULL,'2025-03-10 15:50:53','2025-03-10'),(789,'d1','2025-03-10 15:51:03',NULL,'2025-03-10'),(790,'d1','2025-03-10 15:51:04',NULL,'2025-03-10'),(791,'d1',NULL,'2025-03-10 15:56:32','2025-03-10'),(792,'d1','2025-03-10 15:56:45',NULL,'2025-03-10'),(793,'d1','2025-03-10 15:56:46',NULL,'2025-03-10'),(794,'d1','2025-03-10 15:56:55',NULL,'2025-03-10'),(795,'d1','2025-03-10 15:56:55',NULL,'2025-03-10'),(796,'d1',NULL,'2025-03-10 16:04:49','2025-03-10'),(797,'d1','2025-03-10 16:04:56',NULL,'2025-03-10'),(798,'d1','2025-03-10 16:04:57',NULL,'2025-03-10'),(799,'d1',NULL,'2025-03-10 16:57:25','2025-03-10'),(800,'d1','2025-03-10 16:57:35',NULL,'2025-03-10'),(801,'d1','2025-03-10 16:57:35',NULL,'2025-03-10'),(802,'k1','2025-03-10 17:35:19',NULL,'2025-03-10'),(803,'k1','2025-03-10 17:35:22',NULL,'2025-03-10'),(804,'d1','2025-03-10 17:36:04',NULL,'2025-03-10'),(805,'d1','2025-03-10 17:36:05',NULL,'2025-03-10'),(806,'d1',NULL,'2025-03-10 17:37:47','2025-03-10'),(807,'b1','2025-03-10 17:37:53',NULL,'2025-03-10'),(808,'b1','2025-03-10 17:37:54',NULL,'2025-03-10'),(809,'b1','2025-03-10 18:43:55',NULL,'2025-03-10'),(810,'b1','2025-03-10 18:43:55',NULL,'2025-03-10'),(811,'b1',NULL,'2025-03-10 18:45:08','2025-03-10'),(812,'b1','2025-03-10 20:15:35',NULL,'2025-03-10'),(813,'b1','2025-03-10 20:15:37',NULL,'2025-03-10'),(814,'b1',NULL,'2025-03-10 20:53:39','2025-03-10'),(815,'k1','2025-03-10 20:53:54',NULL,'2025-03-10'),(816,'k1','2025-03-10 20:53:55',NULL,'2025-03-10'),(817,'k1',NULL,'2025-03-10 20:54:22','2025-03-10');

/*Table structure for table `sm_moduledetails` */

DROP TABLE IF EXISTS `sm_moduledetails`;

CREATE TABLE `sm_moduledetails` (
  `id` int DEFAULT NULL,
  `modulename` varchar(100) DEFAULT NULL,
  `level` int DEFAULT NULL,
  `moduleid` int DEFAULT NULL,
  `orderid` int DEFAULT NULL
) ENGINE=InnoDB DEFAULT CHARSET=latin1;

/*Data for the table `sm_moduledetails` */

insert  into `sm_moduledetails`(id,modulename,level,moduleid,orderid) values (1000,'Home',1,1,1),(2000,'Workday',1,2,2),(3000,'Settings',1,3,3),(2100,'Create Business',2,2000,1),(2200,'Read Business',2,2000,2),(2300,'Update Business',2,2000,3),(2400,'Delete Business',2,2000,4),(3100,'User',2,3000,1),(3200,'Role',2,3000,2),(3300,'Browser',2,3000,3),(3310,'Sessions',3,3300,1);

/*Table structure for table `sm_roledetails` */

DROP TABLE IF EXISTS `sm_roledetails`;

CREATE TABLE `sm_roledetails` (
  `roleid` int NOT NULL AUTO_INCREMENT,
  `rolename` varchar(50) DEFAULT NULL,
  `dateadded` timestamp NOT NULL DEFAULT CURRENT_TIMESTAMP ON UPDATE CURRENT_TIMESTAMP,
  `createdby` varchar(100) DEFAULT NULL,
  PRIMARY KEY (`roleid`)
) ENGINE=InnoDB AUTO_INCREMENT=23 DEFAULT CHARSET=latin1;

/*Data for the table `sm_roledetails` */

insert  into `sm_roledetails`(roleid,rolename,dateadded,createdby) values (1,'ADMIN','2025-02-14 10:46:20',NULL),(17,'JOB SEEKER','2025-02-17 16:02:59','b1'),(18,'RELATIONSHIP OFFICER','2025-02-18 16:05:05','b1'),(19,'MANAGER','2025-02-18 16:19:22','b1'),(20,'FIELD EXECUTIVE','2025-03-02 15:38:14','b1'),(21,'CEO','2025-03-09 13:27:43','b1'),(22,'Browser Manager','2025-03-10 15:35:24',NULL);

/*Table structure for table `sm_rolesrightdetails` */

DROP TABLE IF EXISTS `sm_rolesrightdetails`;

CREATE TABLE `sm_rolesrightdetails` (
  `roleid` int DEFAULT NULL,
  `rights` int DEFAULT NULL,
  `id` int DEFAULT NULL,
  `modulename` varchar(100) DEFAULT NULL,
  `level` int DEFAULT NULL,
  `moduleid` int DEFAULT NULL,
  `orderid` int DEFAULT NULL
) ENGINE=InnoDB DEFAULT CHARSET=latin1;

/*Data for the table `sm_rolesrightdetails` */

insert  into `sm_rolesrightdetails`(roleid,rights,id,modulename,level,moduleid,orderid) values (1,1,1000,'Home',1,1,1),(1,1,2000,'Workday',1,2,2),(1,1,3000,'Settings',1,3,3),(1,1,2100,'Create Business',2,2000,1),(1,1,2200,'Read Business',2,2000,2),(1,1,2300,'Update Business',2,2000,3),(1,1,2400,'Delete Business',2,2000,4),(1,1,3100,'User',2,3000,1),(1,1,3200,'Role',2,3000,2),(17,0,1000,'Home',1,1,1),(17,1,2000,'Workday',1,2,2),(17,0,3000,'Settings',1,3,3),(17,1,2100,'Create Business',2,2000,1),(17,1,2200,'Read Business',2,2000,2),(17,1,2300,'Update Business',2,2000,3),(17,1,2400,'Delete Business',2,2000,4),(17,0,3100,'User',2,3000,1),(17,0,3200,'Role',2,3000,2),(18,0,1000,'Home',1,1,1),(18,0,2000,'Workday',1,2,2),(18,0,3000,'Settings',1,3,3),(18,0,2100,'Create Business',2,2000,1),(18,0,2200,'Read Business',2,2000,2),(18,0,2300,'Update Business',2,2000,3),(18,0,2400,'Delete Business',2,2000,4),(18,0,3100,'User',2,3000,1),(18,0,3200,'Role',2,3000,2),(19,1,1000,'Home',1,1,1),(19,1,2000,'Workday',1,2,2),(19,1,3000,'Settings',1,3,3),(19,1,2100,'Create Business',2,2000,1),(19,1,2200,'Read Business',2,2000,2),(19,1,2300,'Update Business',2,2000,3),(19,1,2400,'Delete Business',2,2000,4),(19,1,3100,'User',2,3000,1),(19,1,3200,'Role',2,3000,2),(20,1,1000,'Home',1,1,1),(20,1,2000,'Workday',1,2,2),(20,1,3000,'Settings',1,3,3),(20,1,2100,'Create Business',2,2000,1),(20,1,2200,'Read Business',2,2000,2),(20,1,2300,'Update Business',2,2000,3),(20,1,2400,'Delete Business',2,2000,4),(20,1,3100,'User',2,3000,1),(20,1,3200,'Role',2,3000,2),(21,1,1000,'Home',1,1,1),(21,1,2000,'Workday',1,2,2),(21,1,3000,'Settings',1,3,3),(21,1,2100,'Create Business',2,2000,1),(21,1,2200,'Read Business',2,2000,2),(21,1,2300,'Update Business',2,2000,3),(21,1,2400,'Delete Business',2,2000,4),(21,1,3100,'User',2,3000,1),(21,1,3200,'Role',2,3000,2),(22,1,1000,'Home',1,1,1),(22,1,2000,'Workday',1,2,2),(22,1,3000,'Settings',1,3,3),(22,1,2100,'Create Business',2,2000,1),(22,1,2200,'Read Business',2,2000,2),(22,1,2300,'Update Business',2,2000,3),(22,1,2400,'Delete Business',2,2000,4),(22,1,3100,'User',2,3000,1),(22,1,3200,'Role',2,3000,2),(22,1,3300,'Browser',2,3000,3),(22,1,3310,'Sessions',3,3300,1),(1,1,3300,'Browser',2,3000,3),(1,1,3310,'Sessions',3,3300,1),(17,1,3300,'Browser',2,3000,3),(17,1,3310,'Sessions',3,3300,1),(18,1,3300,'Browser',2,3000,3),(18,1,3310,'Sessions',3,3300,1),(19,1,3300,'Browser',2,3000,3),(19,1,3310,'Sessions',3,3300,1),(20,1,3300,'Browser',2,3000,3),(20,1,3310,'Sessions',3,3300,1),(21,1,3300,'Browser',2,3000,3),(21,1,3310,'Sessions',3,3300,1);

/*Table structure for table `sm_userdetails` */

DROP TABLE IF EXISTS `sm_userdetails`;

CREATE TABLE `sm_userdetails` (
  `id` int NOT NULL AUTO_INCREMENT,
  `userrefno` varchar(100) DEFAULT NULL,
  `firstname` varchar(100) DEFAULT NULL,
  `lastname` varchar(100) DEFAULT NULL,
  `fullname` varchar(100) DEFAULT NULL,
  `email` varchar(100) DEFAULT NULL,
  `contactnumber` varchar(100) DEFAULT NULL,
  `address1` varchar(100) DEFAULT NULL,
  `address2` varchar(100) DEFAULT NULL,
  `address3` varchar(100) DEFAULT NULL,
  `city` varchar(100) DEFAULT NULL,
  `state` varchar(100) DEFAULT NULL,
  `zip` varchar(100) DEFAULT NULL,
  `country` varchar(100) DEFAULT NULL,
  `roleid` int DEFAULT NULL,
  `rolename` varchar(100) DEFAULT NULL,
  `jobtitle` varchar(100) DEFAULT NULL,
  `username` varchar(100) DEFAULT NULL,
  `password` varchar(100) DEFAULT NULL,
  `online` int DEFAULT '1' COMMENT '0-->Offline;1-->Online',
  `dateadded` timestamp NOT NULL DEFAULT '0000-00-00 00:00:00',
  `createdby` varchar(100) DEFAULT NULL,
  `isactiveuser` int DEFAULT '1' COMMENT '0-->Disabled;1-->ActiveUser',
  `dbname` varchar(100) DEFAULT NULL,
  `clientname` varchar(100) DEFAULT NULL,
  PRIMARY KEY (`id`)
) ENGINE=InnoDB AUTO_INCREMENT=22 DEFAULT CHARSET=latin1;

/*Data for the table `sm_userdetails` */

insert  into `sm_userdetails`(id,userrefno,firstname,lastname,fullname,email,contactnumber,address1,address2,address3,city,state,zip,country,roleid,rolename,jobtitle,username,password,online,dateadded,createdby,isactiveuser,dbname,clientname) values (1,'USREF1001','Balraj','Yesu','Balraj Yesu','balraj.s@gmail.com','9154812345',NULL,NULL,NULL,NULL,NULL,NULL,NULL,1,'ADMIN','Software Engineer','b1','p1',0,'1970-01-01 10:41:25','Administrator',1,'jotbd1000','tecode'),(16,'USREF20253718023719','NOORULAMEEN','RR','NOORULAMEEN RR','noorul11@gmail.com','9597782601',NULL,NULL,NULL,NULL,NULL,NULL,NULL,17,'','TECHNOLOGY ARCHITECT','n1','p1',1,'2025-02-18 14:38:24','b1',1,NULL,NULL),(17,'USREF20250018040033','SELVAKUMAR','C','SELVAKUMAR C','selva@cognizant.com','9884522222',NULL,NULL,NULL,NULL,NULL,NULL,NULL,1,'ADMIN','Managing Director','c','p',0,'2025-02-18 16:03:07','b1',1,NULL,NULL),(18,'USREF20251918041953','KAVITHA','PUGALENTHI','KAVITHA PUGALENTHI','kavitha@gmail.com','9884826012',NULL,NULL,NULL,NULL,NULL,NULL,NULL,19,'MANAGER','Lic Agent','k1','p1',0,'2025-02-18 16:20:39','b1',1,NULL,NULL),(19,'USREF20253802033849','Suresh','kumar','Suresh kumar','suresh@gmail.com','9884511125',NULL,NULL,NULL,NULL,NULL,NULL,NULL,20,'FIELD EXECUTIVE','Technology Analyst','s1','p1',0,'2025-03-02 15:40:42','b1',1,NULL,NULL),(20,'USREF20255109025151','Aiman','Ezzat','Aiman Ezzat','aiman@capgemini.com','9884811123',NULL,NULL,NULL,NULL,NULL,NULL,NULL,21,'CEO','Management Director','a1','p1',0,'2025-03-09 14:53:35','b1',1,NULL,NULL),(21,'USREF20254910034951','Durga','Selvaraj','Durga Selvaraj','durga@gmail.com','98884512345',NULL,NULL,NULL,NULL,NULL,NULL,NULL,22,'Browser Manager','Cloud Engineer','d1','p1',0,'2025-03-10 15:50:43',NULL,1,NULL,NULL);

/*Table structure for table `spring_session` */

DROP TABLE IF EXISTS `spring_session`;

CREATE TABLE `spring_session` (
  `PRIMARY_ID` char(36) NOT NULL,
  `SESSION_ID` char(36) NOT NULL,
  `CREATION_TIME` bigint NOT NULL,
  `LAST_ACCESS_TIME` bigint NOT NULL,
  `MAX_INACTIVE_INTERVAL` int NOT NULL,
  `EXPIRY_TIME` bigint NOT NULL,
  `PRINCIPAL_NAME` varchar(100) DEFAULT NULL,
  PRIMARY KEY (`PRIMARY_ID`),
  UNIQUE KEY `SPRING_SESSION_IX1` (`SESSION_ID`),
  KEY `SPRING_SESSION_IX2` (`EXPIRY_TIME`),
  KEY `SPRING_SESSION_IX3` (`PRINCIPAL_NAME`)
) ENGINE=InnoDB DEFAULT CHARSET=utf8mb4 COLLATE=utf8mb4_0900_ai_ci ROW_FORMAT=DYNAMIC;

/*Data for the table `spring_session` */

insert  into `spring_session`(PRIMARY_ID,SESSION_ID,CREATION_TIME,LAST_ACCESS_TIME,MAX_INACTIVE_INTERVAL,EXPIRY_TIME,PRINCIPAL_NAME) values ('0600e0c3-6258-4eca-8271-94dc059064a6','8214885c-65d3-466f-be46-8426e4934214',1741620259827,1741620259830,600,1741620859830,NULL),('1195dc95-4f02-4648-8532-0910a59845b4','2576f392-c37b-4831-a513-9591821888ae',1741620242257,1741620242257,600,1741620842257,NULL),('28d68593-9a05-4889-8770-8172e015262e','73f711b3-d232-4dcd-a456-c2be1ff6a42b',1741620178208,1741620178226,600,1741620778226,NULL),('314d0230-19cd-4b52-9f15-e1f6af0a3a4d','0aadb2ea-4863-4a01-9724-05c00008fb5e',1741620254810,1741620254810,600,1741620854810,NULL),('352d77cc-63e3-4c2c-bbcc-e3c15a93f8a7','31c7fa5c-2e67-4012-a086-5fc2a5829571',1741620254799,1741620254799,600,1741620854799,NULL),('421fd9d3-f78a-4de3-bf5e-85fa8393fc40','44951f78-c1e5-4868-8f7a-77149be64117',1741620250392,1741620250392,600,1741620850392,NULL),('8cc1aa5e-8b54-4d5c-a0b0-9739bdedbd53','ec5fa2a1-00e5-4f14-8072-eeb73c3c1783',1741620236449,1741620236449,600,1741620836449,NULL),('a2e9c8e5-9301-43a3-96ac-18827101b405','26405085-67b7-4362-ba64-969c1ba2b410',1741620246592,1741620246592,600,1741620846592,NULL),('a6f3ad69-6b0d-4871-a964-835e60df555e','cd09586b-f497-4143-9926-87010d477122',1741620250352,1741620250352,600,1741620850352,NULL),('b24cadd1-ee54-41f6-a103-2bc1fa3392c0','53452feb-ba79-46cb-9697-e4c67a4409f9',1741620242255,1741620242255,600,1741620842255,NULL),('b9f14f13-9632-4998-a3a9-623a9e3c3613','d6e7e4fe-45dc-4f4f-93bc-d9183bb179ba',1741620178209,1741620178226,600,1741620778226,NULL),('d1cc8eda-02e7-428d-8e74-66682a04da10','1ebe0295-57be-4964-a611-95219eb02315',1741620246589,1741620246590,600,1741620846590,NULL),('f7c45a7b-7470-441b-8302-f06151baa562','d8e4a713-1017-4347-b472-62d0ba1fbb71',1741620236434,1741620236434,600,1741620836434,NULL),('fbc770c5-85b9-4b71-86b8-d82f5554e347','23bd61b7-d648-41fa-9562-bef40f6cf850',1741620233392,1741620233392,600,1741620833392,NULL),('fbf33e4a-5385-434c-a42c-b581e03c1fbc','cfbd6ff7-9c18-404c-933d-40d2347e8a41',1741620259827,1741620259827,600,1741620859827,NULL);

/*Table structure for table `spring_session_attributes` */

DROP TABLE IF EXISTS `spring_session_attributes`;

CREATE TABLE `spring_session_attributes` (
  `SESSION_PRIMARY_ID` char(36) NOT NULL,
  `ATTRIBUTE_NAME` varchar(200) NOT NULL,
  `ATTRIBUTE_BYTES` blob NOT NULL,
  PRIMARY KEY (`SESSION_PRIMARY_ID`,`ATTRIBUTE_NAME`),
  CONSTRAINT `SPRING_SESSION_ATTRIBUTES_FK` FOREIGN KEY (`SESSION_PRIMARY_ID`) REFERENCES `spring_session` (`PRIMARY_ID`) ON DELETE CASCADE
) ENGINE=InnoDB DEFAULT CHARSET=utf8mb4 COLLATE=utf8mb4_0900_ai_ci ROW_FORMAT=DYNAMIC;

/*Data for the table `spring_session_attributes` */

insert  into `spring_session_attributes`(SESSION_PRIMARY_ID,ATTRIBUTE_NAME,ATTRIBUTE_BYTES) values ('fbc770c5-85b9-4b71-86b8-d82f5554e347','JOTWEBSERVICE1000_USERS','\0sr\0#com.niralcenter.business.model.User\0\0\0\0\0\0\0\0I\0idZ\0isauthorizedI\0onlineI\0roleidL\0\rcontactnumbert\0Ljava/lang/String;L\0countryq\0~\0L\0emailq\0~\0L\0	firstnameq\0~\0L\0fullnameq\0~\0L\0globalIdq\0~\0L\0jobtitleq\0~\0L\0lastnameq\0~\0L\0passwordq\0~\0L\0rolenameq\0~\0L\0usernameq\0~\0L\0	userrefnoq\0~\0xp\0\0\0\0\0\0\0\0\0t\0\n9884826012pt\0kavitha@gmail.comt\0KAVITHAt\0KAVITHA PUGALENTHIt\0$23bd61b7-d648-41fa-9562-bef40f6cf850t\0	Lic Agentt\0\nPUGALENTHIpt\0MANAGERt\0k1t\0USREF20251918041953');

/*!40101 SET SQL_MODE=@OLD_SQL_MODE */;
/*!40014 SET FOREIGN_KEY_CHECKS=@OLD_FOREIGN_KEY_CHECKS */;
